customer_id,customer_name,age,gender,income,location,signup_date
5913,Anthony Hanson,44,Female,145.97,Olsonfort,2023-05-12
5623,Eric Dunn,34,Other,150.34,Lake Jennifer,2020-01-24
2214,Mr. Wyatt Williams,40,Other,357.14,South Nicole,2023-12-14
9508,Caleb Orozco,33,Female,185.26,Lake Lindseyville,2022-11-07
8685,Katherine Carpenter,36,Other,133.69,Port Jesse,2023-02-06
1795,Yvette Weiss,55,Male,431.76,Markfurt,2020-08-25
1839,Caleb Miller,44,Female,431.1,Andersonview,2021-05-28
7951,Matthew Neal,43,Male,257.17,South Davidshire,2021-10-10
3827,Richard Thomas,33,Female,289.73,North Carol,2023-04-20
9380,Angelica Owens,60,Female,418.39,Zacharyport,2024-05-11
5343,Ryan Dudley,46,Male,87.3,Millerport,2021-04-22
5016,Monique Hansen,55,Other,459.42,East Lisaton,2020-03-01
3774,Julia Baker,37,Female,203.58,West Melvin,2020-07-08
4859,Maria Brooks,50,Other,270.59,Lake Michael,2019-11-12
4270,Debra Ibarra,64,Other,397.61,East Thomasshire,2021-09-20
6104,Lisa Rodriguez,30,Other,400.02,Port Rhondaville,2023-01-06
4358,Sheila Lawson,69,Other,191.48,West Louisbury,2020-03-12
3251,Barbara Hall,65,Other,498.71,Singhton,2023-05-12
5658,Kayla Morgan,57,Other,390.96,Port Jonathan,2022-04-22
2264,Tina Ritter,35,Male,81.36,Kathybury,2024-07-28
4027,Jordan Cameron,25,Male,51.47,Juliaside,2020-07-21
6303,Matthew Christian,34,Female,219.28,Janeshire,2021-04-21
4149,Julie Casey,31,Female,113.66,Espinozaberg,2022-10-07
5710,Anthony Mathews,45,Other,490.04,West Felicia,2023-02-22
8338,Karen Hoffman,39,Other,188.66,Amandaville,2024-04-19
7994,Stephanie Parker,25,Other,232.6,Jacquelinefurt,2021-07-02
1737,Brian Kirby,30,Other,165.62,West Brian,2024-03-25
5161,Stacey Jones,58,Other,497.65,Castillomouth,2021-03-02
1355,Deborah Gibson,46,Other,465.59,Sandraburgh,2022-04-15
6895,Erik Vargas,34,Male,388.7,East Justinstad,2022-02-24
2026,Eric Spencer,67,Other,487.55,Lake Colintown,2020-11-27
1224,Richard Martinez,31,Other,291.3,Port Mark,2021-09-03
3002,James Oconnell,33,Other,430.9,New Kenneth,2020-06-14
1822,Marie Fisher,57,Other,196.68,Grahamburgh,2023-06-24
5820,Kevin Palmer,56,Male,147.24,New Williammouth,2020-12-01
8817,Amanda Castillo,47,Male,143.96,South Joshua,2021-05-13
9291,Seth Scott,43,Other,293.99,Ginaside,2021-03-23
8565,Samantha Newton,37,Female,118.22,East Natalie,2020-09-16
8904,Robert Cruz,28,Male,203.75,New Patrickside,2023-05-08
1047,Timothy Ryan,39,Female,208.05,North Graceside,2023-10-01
4277,Gail Rosales,39,Other,212.1,Robertborough,2020-05-21
3215,Dana Rodriguez,33,Other,133.41,South Douglasbury,2020-12-28
3404,Jacob Mckenzie,34,Female,336.91,Veronicamouth,2021-06-16
7922,Erica Potter,68,Other,183.15,Millermouth,2024-04-11
6339,Andrew Johnson,45,Female,148.78,New Deborah,2022-03-28
3281,Michael Mata,70,Other,102.48,Jenniferbury,2021-02-18
1770,Kimberly Jenkins,35,Other,390.79,Tracymouth,2022-04-08
3075,Andrea Moses,38,Other,246.46,East Haleyport,2023-02-15
6764,Virginia Thomas,55,Other,315.86,Lake Brittany,2022-10-21
4524,Savannah Smith,70,Male,466.86,Reedhaven,2019-10-18
7584,Stephen Lawson,65,Other,145.24,New Roger,2019-12-16
5298,Erika Mcfarland,61,Female,168.21,West Tina,2019-11-07
4249,Bruce Castaneda,42,Other,313.35,Stephanieberg,2024-01-18
9923,Lisa Myers,58,Male,209.3,Crystalbury,2021-08-17
3879,Bethany Molina,49,Female,463.68,South Michael,2023-09-16
8049,Valerie Bush,44,Male,336.24,Lake Matthew,2024-01-13
1779,Nancy Cox,60,Female,96.96,New Kyleton,2021-01-13
7377,Laura Barry,67,Male,467.27,Port Laurafurt,2021-08-13
8163,Amy Murphy,53,Other,72.9,West Monica,2019-11-15
4378,Meghan Mueller,48,Female,386.19,New Anthonyport,2020-11-04
3157,Tiffany Hines,62,Female,123.59,New Roger,2023-01-31
7249,Trevor Barnes,60,Other,470.74,East Sydneyside,2022-05-12
2614,Brenda Valentine,42,Female,233.14,North Victoriaview,2023-08-02
3283,Ashley Jones,28,Female,288.37,Ramosbury,2023-01-25
6654,Mike Murray,58,Other,457.27,New Lindsey,2020-06-14
7976,Laura Schneider,39,Female,394.91,Johnshire,2021-08-08
8349,Daniel Gregory,44,Female,363.02,Lake Angelatown,2020-09-12
2618,Connor Evans,49,Other,483.98,Port Thomasfurt,2024-05-31
4537,Janet Gardner,65,Male,447.04,Port Alexander,2024-09-16
2733,Lauren Berry,35,Male,350.5,East Christian,2019-12-30
8002,Ashley Nunez,58,Male,185.03,New Patricialand,2020-04-04
7720,Monica Roman,41,Other,308.98,West Tylerville,2020-01-24
4946,Cory Hernandez,33,Other,378.13,Thomasview,2024-07-29
2073,Kevin Lewis,48,Male,63.73,Scottfort,2021-05-15
7372,Tiffany Livingston,59,Male,257.76,Lake Beth,2024-01-21
8230,Ricky Morris,49,Male,65.71,Kathleentown,2022-01-21
4820,Trevor Rodriguez,58,Female,493.09,Kingport,2023-05-02
1678,Dustin Booker,47,Female,329.64,East Melinda,2023-06-09
3767,Brenda Herrera,68,Male,488.33,Benjaminchester,2020-06-08
9298,Roberto Simmons,36,Male,371.09,Smithport,2023-12-28
4596,Benjamin Knight,42,Other,264.78,West Jasmine,2020-04-30
9024,Darius Smith,51,Other,168.25,Campbelltown,2022-12-04
8841,Kristina Roberts,42,Other,108.57,New Tanya,2023-04-10
7169,Jason Matthews,36,Male,359.26,Adamsmouth,2020-11-30
4338,Matthew Gordon,57,Female,368.06,Lake Kristinetown,2024-02-24
6489,Erin Davis,65,Male,489.9,Seanside,2024-04-08
8684,William Orr II,36,Other,429.47,Zimmermanport,2021-03-20
2135,Alexis Blake,47,Other,465.23,South Lindaton,2022-01-07
3094,Lisa Curry,60,Other,271.75,Jacksonfort,2024-01-14
2273,Christina Dixon,28,Other,495.06,Masseyland,2022-09-25
2556,Miguel Pham,68,Female,274.6,Claytonbury,2022-05-23
7400,Keith Thornton,41,Male,478.11,Toddport,2024-02-05
4243,Logan Mills,46,Male,72.43,Matthewshire,2023-07-06
6533,Christopher Dyer,37,Male,410.89,Sarahton,2020-04-02
2326,Paul Brown,45,Female,129.21,Caitlinshire,2023-01-10
9445,Keith Cook,61,Male,168.61,North Kristy,2020-08-04
9673,Cole Martinez,25,Male,419.83,Mooreborough,2024-04-16
7333,Lisa Moran,43,Male,321.48,Anthonyburgh,2024-09-09
3883,Nichole Gilbert,31,Female,255.85,Huertabury,2023-02-25
2974,Brenda Stevenson,26,Female,278.47,Vargasmouth,2022-08-06
5394,Angela Wilson,60,Other,272.12,Port Julietown,2020-08-25
8728,David Walsh,55,Other,388.22,Shepardfort,2023-08-27
9890,Jordan Turner,27,Other,93.26,Bradleyfurt,2024-02-25
7719,Katie French,39,Female,82.8,Lake Donna,2019-10-07
4122,Tanner Flowers,48,Other,363.1,Marktown,2022-06-07
3187,Arthur Smith,25,Female,380.0,New Joshuaberg,2020-08-27
3614,Michael Franco,42,Female,339.12,West Stephanie,2021-04-06
6753,Robert Brown,58,Female,139.15,Merrittbury,2023-08-21
2921,Cheyenne Irwin,66,Other,228.83,Donaldberg,2022-06-11
1558,John Colon,30,Male,251.19,Camposville,2022-03-11
6801,Cassie Davidson,25,Female,326.22,Cochranville,2023-04-28
2213,Jeanette Clark,39,Female,266.62,Christensenbury,2020-11-30
5668,Amy Reyes,40,Other,198.55,New Gloriaberg,2021-07-19
4486,Valerie Tucker,45,Other,307.01,East Thomas,2021-02-23
5277,Walter Short,41,Male,112.81,Amyside,2023-08-22
6362,Jason Richards,33,Male,354.69,North Kathleen,2021-04-05
4318,John Cohen,60,Male,310.06,Wardton,2024-03-13
1657,William Garcia,64,Other,376.65,North Shannontown,2020-08-29
8168,Jason Frazier,48,Male,262.01,New Victoria,2020-08-27
9888,Erica Greene,49,Other,135.45,Port Carlosfurt,2020-12-06
1788,Trevor Ortega,69,Male,440.42,West Robert,2020-03-01
9083,Breanna Smith,42,Female,119.82,North Michaelton,2021-02-01
5047,Danny Morris,52,Male,188.88,East Karl,2023-02-18
7319,Gregory Garcia,40,Female,381.52,North Margaretville,2022-02-17
8676,Michael Bryant,48,Male,475.72,Diazburgh,2020-04-12
3631,Maurice Perez,44,Female,72.39,Nelsonland,2021-11-04
3146,Don Baker,45,Female,497.35,North Lisa,2023-03-01
2371,Toni Smith,29,Other,172.04,North Bettyhaven,2021-08-26
7994,Crystal Mendez,55,Male,72.23,West Anna,2022-09-09
5640,Gary Scott,39,Male,400.72,Zimmermanmouth,2023-02-23
5428,Erin Boyd,35,Male,178.44,Jacobville,2019-12-03
7195,William Perez,33,Female,389.28,Suzannetown,2022-03-31
5777,Melinda Evans,53,Other,276.4,North Rachelbury,2024-04-29
5980,Joseph Brown,36,Female,383.26,North Kyleville,2024-05-28
3322,Jack Rodriguez,47,Other,459.55,Cookmouth,2024-08-21
5185,Jack Campos,62,Female,244.5,Martinezton,2020-05-21
7079,Makayla Wallace,68,Other,472.45,Amandaland,2020-03-26
8791,Christina Mercado,38,Female,445.32,West Michaelview,2023-01-05
2486,Ashley Jones,40,Other,435.75,Port Michael,2024-02-24
6207,Donna Vaughan,26,Male,378.27,Hardingbury,2021-07-30
2064,Jeremy Gonzales,65,Male,174.61,East Lindaberg,2023-11-08
5234,William Anderson,38,Male,370.83,Whitneystad,2024-06-03
3279,Mark Nguyen,41,Other,340.51,East Michael,2021-01-09
6917,Terry Vega Jr.,58,Male,479.63,East Meganborough,2020-05-23
5552,Dawn Lutz,34,Other,72.3,North Sandra,2020-12-01
8169,Elizabeth Chen,36,Male,65.09,Sherichester,2020-04-10
7633,Danny Gardner,44,Other,117.72,Christopherland,2020-09-15
5909,Mark Baird,53,Male,408.78,West April,2019-12-16
1775,Linda Wu,40,Other,225.42,Blakehaven,2020-03-20
3517,Chad Hamilton,46,Female,300.51,Mendozaborough,2023-12-08
3577,Michael Jacobs,62,Female,479.85,Davidside,2021-07-24
7724,Seth Martin,32,Other,160.69,Floreshaven,2019-12-25
4396,Charles Fuentes,54,Other,378.91,West Joshuastad,2021-09-26
8305,Edward Williams,31,Other,52.36,East George,2024-09-25
2445,Alyssa Avila,34,Male,419.55,Port Brittany,2023-04-12
3704,Robert King IV,54,Other,185.79,Clinechester,2022-05-06
4458,Dr. Sara Green MD,62,Male,85.98,North Pamelaville,2023-02-26
2950,William Moore,44,Female,341.99,Shaunside,2021-11-18
4498,Warren Smith,28,Female,126.48,Port Jack,2023-10-24
7766,Travis Garcia,31,Other,285.19,Hammondberg,2023-08-04
6745,John Peterson,63,Other,260.44,New Ellen,2019-12-04
4719,Shannon Simmons,57,Male,54.92,South Davidmouth,2020-10-02
9310,Christopher Orozco,29,Female,121.51,South Brandiburgh,2020-04-08
1180,Abigail Schwartz,26,Male,448.74,Justinfurt,2020-11-29
9220,Linda Todd,43,Male,81.1,West David,2020-04-04
8887,Gloria Smith,48,Other,141.04,East Danielchester,2024-08-24
9348,Paul Bryan,48,Other,282.8,Kimport,2021-01-26
4999,Susan Ayala,27,Male,146.13,East Jo,2021-11-02
6883,Chad Edwards,65,Other,302.36,Brooksmouth,2020-06-19
7122,Carl Thomas,31,Female,242.55,Ramirezland,2024-01-11
3452,Leonard Hanson,29,Female,193.45,Lake Jamieburgh,2024-05-01
6300,Robert Newman,66,Female,130.84,Amandashire,2023-12-09
1266,Joshua Silva,53,Female,99.83,South Brittany,2023-10-17
5523,Hannah Mason,38,Female,123.69,Masonland,2020-08-18
3961,Mr. Brian Harding,68,Female,95.12,Lake Angelafurt,2023-12-06
1002,Richard Rogers,35,Male,284.59,East William,2021-05-20
2330,Clayton Garcia,65,Male,326.21,Port Sara,2022-02-16
9441,David Morgan,40,Male,276.3,North Reginald,2023-01-18
8194,Mark Hawkins,39,Male,378.62,Pottsfurt,2023-08-08
9340,Laura Welch,53,Female,166.51,East Steve,2020-04-15
3762,Bryan Oconnor,55,Male,247.62,Lake Deborah,2022-01-09
7599,Veronica Vaughn,31,Female,430.32,North Nicholas,2023-02-12
3012,Timothy Boone,60,Male,236.72,Lake Christophermouth,2022-05-03
6089,Kathryn Cummings,25,Other,430.8,Brianshire,2022-11-24
4339,Jason Jenkins,44,Male,344.94,Torreschester,2021-06-23
8728,Jennifer Jones,49,Female,229.62,Raymondland,2024-08-10
1249,Paige Turner,65,Female,250.32,South Mark,2023-07-21
3193,James Mendez,57,Female,482.61,Lake Juliahaven,2023-02-27
1301,Robin Wilson,63,Male,172.5,Harperside,2023-10-18
6649,Robert Nelson,28,Male,233.5,South Brett,2022-05-16
4807,Brianna Allen,66,Male,444.36,Brandonstad,2020-01-07
4454,Benjamin Singh,33,Other,372.33,South Patrickhaven,2021-05-29
6454,Stacy Barajas,27,Male,144.08,New Andrewview,2019-11-15
3008,Eric Ramsey,37,Female,83.86,East Cory,2021-09-18
3574,Cynthia Hinton,64,Male,228.81,Port Sherylstad,2019-11-27
2321,Marilyn Weiss,55,Male,337.1,East Zacharyton,2022-10-23
2320,Sarah Rodriguez,36,Male,52.2,North Matthew,2021-09-13
1167,Kevin Owen,49,Other,409.4,Amandaberg,2021-04-02
4790,Douglas Galvan,57,Female,100.61,Kellyborough,2024-03-28
7260,Kyle Thompson,28,Female,184.01,Monicafurt,2024-01-07
4804,Howard Gill,48,Other,447.4,Elliottstad,2021-06-13
5939,Margaret Hendricks,29,Male,236.65,South Robertborough,2021-11-01
5027,Anthony Bennett,69,Female,167.02,Ginaburgh,2024-02-20
7644,Kevin Brown,27,Male,409.65,South Toddmouth,2021-12-13
9024,John Stevenson,59,Female,349.74,Monicabury,2022-04-13
6509,Steven Moore,68,Other,489.48,South Yvonne,2024-08-14
7561,Donna Parker,56,Male,211.85,Mariashire,2022-05-23
6530,Jeffrey Hansen,60,Female,254.48,East Kimberly,2024-07-18
3619,Angela Gray,34,Other,414.8,Lake Stephanie,2024-07-07
2417,Sean Sampson,51,Female,265.26,East Dawnton,2022-04-24
4621,Andrew Wiggins,35,Other,205.0,Ibarraburgh,2020-05-03
2497,Renee Flores,58,Female,308.22,South Margaret,2023-02-02
6576,Judith James,33,Male,164.11,South Marissaport,2022-01-23
7748,Nicholas Salazar,34,Female,492.69,North Donald,2021-02-06
4173,Ryan Powell Jr.,58,Other,159.28,Joshuamouth,2023-09-03
4747,Catherine Steele,39,Male,215.71,Carlyhaven,2020-11-19
7133,Brandon Hughes,39,Other,260.31,Kevinmouth,2024-08-02
4008,Zachary Cunningham,44,Other,337.71,Port Lindsey,2020-12-17
6329,Charles Ray,35,Other,299.72,South Deborahview,2020-10-25
9104,Charles Norman,61,Other,402.7,Christianburgh,2020-08-20
9512,Nicolas Krause,68,Male,381.71,Jacquelineside,2022-10-12
7498,Carol Perry,26,Other,260.43,Reyesfurt,2020-08-10
4834,Sean Conway,42,Female,387.67,North Amandachester,2024-08-11
6769,Shawn Mcbride,34,Other,50.94,Lake Ryan,2020-06-12
9452,Kelly Sanders,42,Male,409.32,Joshuashire,2019-11-16
8419,Amanda Petty,39,Other,487.18,Haneyborough,2022-03-14
5437,Andrew Carter,45,Female,463.83,Lake Steven,2023-03-01
1138,Jessica Wallace,40,Male,354.14,New Michael,2020-01-12
5381,Debra Velasquez,37,Male,312.99,Christophershire,2024-08-18
7024,Christian Suarez,32,Other,295.91,Paulstad,2023-05-06
1724,Kelsey Huff,70,Other,52.43,Fullermouth,2022-10-11
3758,Luis Jacobs,37,Male,64.33,Brownmouth,2020-07-21
4186,Matthew Solomon,56,Female,201.78,Brownmouth,2019-12-30
4809,Tina Moore,57,Other,200.88,South Reginaburgh,2024-05-06
4378,Laura Solis,52,Other,352.99,Wardchester,2022-08-29
3025,Dr. Jackson Andersen,44,Other,499.81,North Debrabury,2022-11-27
2241,Thomas Cain,60,Other,263.29,Port Troy,2023-10-12
6971,Michelle Mayo,63,Male,424.71,Jeffreyberg,2020-07-17
2965,Gregory Phillips,29,Male,434.64,Davismouth,2020-06-21
1157,Joann Odom,32,Female,336.02,East Mark,2022-07-07
6812,Angela Rogers,28,Other,152.22,Karaview,2022-08-06
7529,John Lynch,54,Male,451.67,Wagnerchester,2023-03-17
1026,Thomas Newton,56,Female,231.41,Anthonyton,2022-01-03
4047,Julie Donovan,51,Other,173.1,Jenniferfort,2020-11-27
9364,Kathryn Kelley,49,Female,278.32,New Luke,2021-02-21
5110,Jake Mendez,45,Other,246.11,Wilkinsonmouth,2019-11-30
2662,Ryan Hinton,36,Female,177.99,Lake Cynthiaview,2023-06-22
6548,Sally Rodriguez,67,Male,406.51,Nicholasfort,2023-09-07
8023,Scott Weeks,54,Male,84.84,South Natasha,2022-04-29
5222,Richard Horton,62,Other,250.94,North Lauren,2020-09-03
6348,Emily Gregory,39,Female,80.82,Tommybury,2021-01-18
9419,Robert Peters,56,Female,309.09,North Jeremyview,2019-09-30
5474,Mary Wagner,53,Female,293.28,Tuckerstad,2019-09-27
8761,Glen Villanueva,31,Female,344.08,Garrettchester,2021-12-07
2483,Michele Mills,58,Male,491.49,Mannville,2021-02-20
3282,Cynthia Maldonado,65,Male,168.04,Michaelbury,2022-01-16
1919,Daniel Jackson,26,Male,162.46,South Sandra,2023-01-26
1184,Ian Horton,42,Male,254.6,Lauramouth,2023-04-19
1187,Anthony Johnson,58,Female,367.78,Lake Desiree,2022-02-08
7179,Mark Sharp,53,Female,128.8,Matthewburgh,2021-09-12
3012,Mr. Tyler Hodges,28,Male,338.26,East Thomas,2020-08-04
4045,Regina Ware,49,Female,165.71,Sullivanhaven,2020-11-28
3830,Michael Sanders,31,Male,374.24,Hallberg,2019-11-19
7196,Wendy Martinez,65,Male,376.71,Kennethmouth,2022-01-09
5649,Michael Kent,42,Female,181.62,Priceshire,2024-05-04
3716,Joseph Scott,42,Female,233.07,South Javier,2023-06-22
1035,Jimmy Miller,54,Male,308.38,Port Angelaport,2023-05-16
3012,Christopher Perez,44,Other,98.11,Maldonadoview,2021-01-18
2778,Molly Leon,46,Other,233.69,Hannahstad,2021-03-24
5058,Shannon Dixon,45,Female,99.16,West Robertport,2022-02-02
9502,Robert Johnson,51,Female,411.54,Santiagostad,2022-08-01
4650,Samantha Shannon,38,Male,173.23,Jonesstad,2024-06-08
9993,Julie Harris,58,Other,158.1,Peterton,2020-08-23
3787,Karen Jones,36,Male,424.21,Perezmouth,2020-09-24
2579,Christopher Ryan,56,Female,450.67,North Michelleville,2022-10-10
3910,Jeremy Davis,55,Other,325.31,Johnsonville,2020-10-12
9202,Alexis Burton,60,Female,384.37,Silvafort,2020-04-16
9259,Virginia Gallegos MD,66,Other,322.57,Port Briannaland,2023-07-23
5921,Tracy Campbell,25,Male,486.14,North Andreafurt,2023-06-30
7367,Katelyn Graham,38,Female,295.24,North Stephanie,2024-05-06
6965,Benjamin Buck,52,Male,345.26,Carolinestad,2023-10-08
9769,Cynthia Carter,54,Female,429.56,Port Anthony,2022-11-15
1314,Nicholas Castro,65,Male,88.1,Alexanderhaven,2020-04-18
5712,Richard Carroll,30,Other,402.84,East Cynthia,2023-08-31
5619,Anthony Perkins,34,Male,317.14,Santosburgh,2021-05-01
7163,Dorothy Henry,63,Female,430.51,New Jessica,2024-05-10
1443,Kevin Proctor,63,Male,385.47,Natalieside,2024-02-05
3518,Anthony Martinez,68,Other,423.03,North David,2021-02-01
2315,Shannon Miller,68,Male,360.6,Jasonland,2021-11-29
7716,Scott Castro,67,Male,426.33,Port Jonathanbury,2023-09-23
7579,Timothy Allen,43,Female,338.33,South Sharonborough,2024-06-10
4518,Darren Morrison,25,Male,299.17,Lake Thomashaven,2024-01-26
7229,Timothy Lopez,57,Female,425.54,West Joseph,2022-10-24
8150,Dawn Williams,70,Other,223.05,West Julie,2022-01-13
7496,Tina Thomas,62,Female,304.78,Lake Wesley,2021-04-22
4589,Rodney King,67,Other,188.35,Martineztown,2023-08-15
7605,Shelly Clements,47,Other,411.21,Thomasburgh,2021-07-23
4045,Brenda Browning,60,Male,369.08,New Douglas,2020-07-02
8412,Michelle Carter,64,Male,79.38,Lake Gary,2020-02-22
5113,Dean Douglas,58,Female,152.48,Haleburgh,2022-10-17
1694,Sara Fowler,37,Female,406.72,Jeanmouth,2024-02-29
6619,Jason Bradshaw,34,Female,62.35,Lake Paul,2023-12-11
5782,Robert Perez,48,Other,419.4,East Brandon,2023-04-20
9443,Bryan Preston,60,Female,100.45,Port Jesus,2022-12-14
3778,Angela Short,70,Male,269.38,Lewisborough,2020-09-18
7321,Madison Oliver,37,Female,189.06,Leachtown,2020-12-19
5825,Mckenzie Bartlett,46,Other,311.27,Lake Anthonyport,2020-08-01
6992,Richard Chapman,49,Male,170.68,Lake Patrickburgh,2021-03-20
6590,Dakota Cooley,43,Female,243.45,Port Bradley,2020-07-17
8116,Suzanne Mccall,68,Other,91.41,East Brandy,2022-10-12
8164,Rodney Farrell MD,29,Other,179.1,South Kaitlynton,2020-06-11
4081,Teresa Smith,30,Other,443.08,West Seanberg,2024-01-20
9147,Christine Webb,64,Male,359.7,Susanland,2023-12-14
1200,Anthony Kelly,27,Female,262.69,Michaelview,2023-11-28
5250,Brooke Smith,59,Male,55.84,North Garyhaven,2020-03-30
5120,Christina Harrison,43,Female,54.91,East Christopherberg,2021-12-01
2788,Margaret Henson,61,Male,456.25,East Kevinland,2023-06-13
6729,William Hogan,53,Male,302.68,Sandersmouth,2022-06-03
8695,Mrs. Stephanie Harris,50,Other,167.34,South Jamesland,2022-01-13
3885,Travis Ortiz,54,Female,398.83,Port Robert,2020-02-14
9340,Mary Martinez,46,Female,280.12,Christopherstad,2022-05-11
6921,Bruce Morales,63,Other,377.74,North Brittneymouth,2021-07-28
3846,David Adams,61,Other,392.32,North Davidfurt,2020-11-16
4841,Alejandra Hunter,51,Other,286.53,Cartertown,2020-02-21
7051,Dr. Micheal Harrington,48,Female,413.62,East Stephen,2023-01-13
7117,Lisa Wang,48,Other,355.02,Meganshire,2020-11-27
4708,Barbara Morgan,26,Male,70.01,Geraldtown,2022-06-03
6847,Danny Cook,60,Male,389.7,Port Connorchester,2022-11-22
3777,Heather Bradley,27,Female,80.77,Kristenmouth,2024-05-08
2092,Scott Richardson MD,60,Male,157.48,Jasonville,2021-05-16
4319,Travis Wong,54,Other,130.13,Francotown,2022-06-29
5030,Ronald Mccormick,26,Female,253.12,Meyerston,2024-09-06
8849,Natasha Rojas,34,Male,327.74,New Steventon,2021-09-07
2109,Daniel Mcdonald,38,Female,394.59,Elliottview,2023-02-17
5408,Shawn Miller,35,Female,206.55,East Alexis,2021-08-18
9767,Charles Townsend,65,Other,413.75,Colemanside,2024-07-01
2151,Andres Taylor,48,Male,254.68,Lake Stevenshire,2024-08-30
8673,Cindy Hamilton,69,Other,452.74,Lake Chloe,2024-03-02
2618,Teresa Lawrence,55,Male,256.4,Reynoldschester,2023-05-06
3061,Mario Lawrence,68,Male,411.86,North Kyle,2024-08-17
3217,Deanna Anderson,27,Female,469.77,South Antonio,2022-04-06
5066,Michele Becker,29,Other,374.97,Julietown,2020-06-24
7792,Fernando Barrett,25,Male,245.23,Simmonsburgh,2022-11-15
3621,Mariah Reyes,59,Other,122.19,North Annmouth,2020-08-04
6958,Dr. Melissa Jones,68,Female,442.23,Kevinborough,2020-03-13
8459,Jillian Cruz,48,Other,442.01,East Patriciabury,2020-12-16
9380,Sherry Anderson,66,Other,204.81,Port Mitchell,2020-01-20
2368,Michael Bishop,26,Other,361.31,North Heatherbury,2022-06-22
4831,Kelsey Armstrong,67,Other,214.26,East Jonathan,2022-06-07
6528,Peter Garcia,36,Female,209.21,Ryanshire,2022-04-06
5366,Jason Lam,34,Male,349.78,Lawrencetown,2023-05-12
6688,Rodney Maynard,68,Female,480.8,Port Jasonville,2023-08-03
5187,Judith Smith,29,Male,375.97,New Lisaton,2024-02-29
5295,Michael May,52,Other,455.91,South Jessica,2022-05-04
8533,John Salazar,64,Female,328.91,Amandaside,2022-04-05
6763,Anthony Martinez,29,Female,427.73,Christinafort,2021-07-19
5911,Grace Lee,37,Other,391.67,New Randy,2021-07-29
3458,Jeffrey Knox,56,Female,153.28,North Benjaminshire,2024-03-27
1671,Michael Cook,44,Male,368.34,Olsonview,2020-04-24
7152,Gregory Vazquez,37,Female,406.45,North Melanie,2021-12-16
9315,Latoya Campbell,63,Female,326.07,West Frankchester,2023-02-04
6388,Nathan Sharp,30,Female,321.76,Schmittmouth,2020-07-15
4894,Cynthia Miller,46,Male,328.06,West Andrea,2020-04-08
2293,Matthew Brown,35,Female,498.79,Lake Christopherton,2021-06-07
9214,Jennifer Gomez,31,Male,412.07,Port Kimberlyfurt,2020-03-03
5193,Jason Meyer,63,Male,454.99,East Dana,2022-06-01
7758,Faith Cline,51,Other,229.39,West Connorville,2022-12-16
9487,Marcus Walker,67,Female,61.21,Rosebury,2019-12-23
1746,Sarah Kelly DVM,32,Other,68.76,Sarahton,2023-10-26
8714,Heather Mccoy,69,Female,235.72,North Michael,2022-08-03
5117,Dale Williamson,45,Male,421.49,Dianastad,2020-11-01
8098,Alan Copeland,62,Female,335.18,Lake Charles,2023-01-14
9786,Elizabeth Drake,28,Female,388.03,North Matthew,2021-03-06
1234,Lori Thomas,52,Male,106.8,North Anthony,2021-06-28
1163,Karla Snyder,70,Female,320.85,Lake Nicholasview,2021-08-21
8883,Derek Johns,36,Male,293.67,Thomasmouth,2023-12-05
2967,Robert Brown,37,Other,267.31,North Jennifer,2023-11-17
8909,Thomas Watson,26,Other,407.42,Davisfurt,2020-04-25
7274,Alex Brown,67,Male,141.12,Lake Derek,2024-01-04
6916,Cody Cruz,39,Female,119.11,Patriciaburgh,2023-10-02
3648,Susan Short,27,Male,380.45,Mercerhaven,2024-07-07
2396,Jessica Gonzalez,33,Female,416.39,Port Margaret,2024-04-04
5597,Rhonda Smith,25,Other,363.11,Gravestown,2020-11-09
9834,Michelle Dean,63,Other,415.14,Cohenmouth,2019-10-23
3800,Michael Glover,26,Male,465.75,Davidshire,2020-04-14
3622,Michelle Kelly,40,Male,84.44,Port Charlesville,2021-01-18
1273,Craig Goodman,44,Male,248.48,Blairberg,2023-05-14
8987,Rebecca Bullock,41,Female,439.71,West Bethany,2024-02-14
8056,Tammy Rowland,70,Female,314.14,Port Juanhaven,2023-01-24
4964,Richard Smith,27,Other,212.96,Port Curtishaven,2023-09-01
9559,Aaron Parker,70,Other,100.09,Jenniferburgh,2020-07-25
9580,Richard Jones,59,Other,207.67,Jasonhaven,2021-07-06
4775,Jillian Patrick,51,Male,210.29,Port Davidside,2024-06-17
9109,Sheila Padilla,25,Male,151.03,Lake Ashleyside,2024-06-24
5461,Daniel Hunter,66,Other,222.9,Courtneyhaven,2024-07-11
8220,Ashley Garcia,37,Male,428.15,Stevenport,2023-08-17
8573,Zachary Ward,40,Female,477.56,New James,2021-07-23
5957,Tammy Martin,49,Male,71.96,Butlerville,2024-09-17
2096,Taylor Smith,47,Male,257.75,Lake Michael,2021-05-15
7696,Gavin Owens,67,Other,248.96,Cooleyfurt,2020-03-10
9769,Charlene Michael,26,Other,418.75,Shellymouth,2021-03-24
1668,Michael Hansen,41,Other,71.08,North Anna,2022-01-08
9791,Lisa Smith,32,Female,346.34,Lake Deborah,2022-07-27
3139,Paula Erickson,45,Female,170.36,Hectorbury,2021-11-17
5316,Whitney Carpenter,31,Other,368.97,North Kelly,2023-01-21
3464,Sharon Cain,40,Male,232.23,Vazquezfort,2020-04-06
5921,John Miller,28,Male,487.53,South Gregoryhaven,2024-06-02
8088,Julie Cook,36,Other,354.93,Alexanderbury,2024-03-15
1843,Lori Hinton,45,Other,475.48,Port Nicholasville,2022-11-04
3058,Sarah Weber,67,Male,64.61,Mathisborough,2021-08-20
4765,Vanessa Rhodes,65,Female,489.75,New Codystad,2022-07-20
6647,Kimberly Schmidt,54,Other,103.02,New Donald,2024-09-15
7354,Cynthia Wilson,52,Female,151.09,New Brian,2023-03-27
9392,Jeffrey Rogers,69,Other,90.68,Lake Scott,2024-05-06
7371,Mariah Mahoney,63,Other,308.73,South Brittany,2022-02-24
7133,Colleen Cobb,60,Male,92.06,New Ronaldton,2024-01-09
1002,Jay Edwards,66,Male,415.71,Steventown,2023-07-08
5325,Carolyn Bailey,57,Male,449.73,South Karen,2022-09-09
9092,Lauren Bowers,42,Other,447.72,West Robert,2022-05-02
4163,Jessica Leach,35,Male,303.64,Sarahburgh,2023-01-01
3345,Susan Whitehead,57,Other,61.78,Harmonburgh,2022-07-19
8861,Natalie Davidson,36,Male,150.23,Port Teresafurt,2022-02-08
7517,Rebecca Stevens,37,Female,52.21,East Margaret,2024-09-20
8302,Adam Martin,35,Female,406.51,West Haroldville,2022-12-18
6274,Randall Willis,68,Female,449.84,Lutzmouth,2022-07-26
3060,Ricky Gonzales,26,Male,491.53,South Michael,2021-05-22
8898,David Johnson,37,Male,327.19,Levyborough,2021-12-23
7055,Johnny Lopez,65,Male,364.27,Susanfurt,2022-10-16
9374,Francisco Miranda,42,Other,499.95,Chavezhaven,2023-09-11
6613,Samuel Harrison,56,Male,76.53,Port Kentfurt,2021-09-12
7874,Joseph Guerrero,44,Female,55.07,New James,2023-04-03
6433,Tara Little,66,Other,291.29,North Debra,2023-06-18
2231,Alicia Tucker,28,Male,255.55,West Diamondchester,2022-09-22
1527,Olivia Marshall,57,Female,335.58,Lake Kevin,2024-07-26
8935,Alexander Jenkins,60,Male,396.79,North Nancyberg,2022-05-29
5972,Adrian Rodriguez,62,Female,301.32,Lake Scott,2024-04-02
9472,Mrs. Alicia Johnson,30,Female,496.95,Wolfeport,2023-06-17
4496,Susan Roy,43,Female,264.53,Gonzalezbury,2024-05-12
1282,Dawn Higgins,29,Male,157.47,Colemanport,2023-03-01
2772,Jessica Johnson,29,Female,295.35,Frostside,2023-02-13
3548,Lance Wood,30,Other,373.59,Clayland,2021-12-18
8295,Kristin Green,63,Female,342.08,Lake Joelland,2022-01-25
3522,Michael Morris,48,Female,339.68,Reneeburgh,2023-02-04
9052,Amber Hebert,41,Other,270.67,Travisview,2020-07-31
9825,Barbara Barr,49,Male,469.61,West Monica,2019-12-05
3686,Courtney Drake,55,Female,441.47,East Ericaberg,2023-11-15
5647,Kyle Smith,31,Male,128.61,New Michaelville,2021-08-14
3803,Grace Davis,69,Female,468.84,Chasefurt,2022-08-05
9603,Mr. William Johnson,47,Female,53.1,Smithstad,2023-10-27
6134,Nicole Montoya,41,Male,92.3,Medinaberg,2024-05-30
1142,David Obrien,30,Other,415.57,North Shannon,2022-11-13
2855,Victoria Barr,39,Female,486.45,East Jodiside,2022-12-11
5530,Amanda Morgan,32,Female,362.68,Arroyomouth,2021-07-22
1914,Jennifer Cruz,42,Female,274.63,East Jacobstad,2021-09-02
4754,Teresa Humphrey,55,Other,131.49,Martinezshire,2019-11-09
9969,Patrick Martin,25,Male,376.61,Odonnellbury,2023-03-09
7417,Aaron Robinson,58,Male,471.32,Boydtown,2022-03-28
5282,Richard Pennington,61,Male,465.21,Wandamouth,2023-09-26
3912,Christine Johnson,45,Male,363.71,Travisview,2023-10-27
6655,Mrs. Elizabeth Sexton,62,Other,495.38,Christinafurt,2022-09-28
7229,Dakota Pittman,37,Male,420.61,West William,2023-02-08
3576,Brian Owen,65,Male,478.62,Nicholsview,2020-01-06
2891,David Miller,57,Male,440.81,Jackietown,2023-02-08
5692,Robert Martin,48,Female,149.03,West Elijahport,2021-07-24
7516,Caitlyn Mosley,41,Other,94.22,Denisebury,2023-04-13
7508,Suzanne Santiago,37,Other,403.65,Lauraside,2024-09-17
1812,Jennifer Flores,32,Male,300.52,Lake Petertown,2022-01-29
4308,Bryan Clark,52,Other,72.26,North Josephburgh,2021-12-29
9263,Robert Warren,70,Male,465.32,Vasquezbury,2022-07-19
6064,Francis Bird,61,Male,306.56,Williamburgh,2021-08-19
5962,Samantha Davenport,67,Female,424.49,Kennethmouth,2024-04-26
4950,Kathy Gonzalez,32,Female,260.17,Lake Lisa,2020-01-30
7219,Cameron Warren,30,Other,254.28,Bonniebury,2022-07-20
2334,Rebecca Thomas,58,Female,344.92,Thompsonborough,2023-11-02
8064,Bryan Hunter PhD,41,Male,63.45,Oliviamouth,2019-11-06
1816,Donald Dixon,37,Male,344.66,Lesliemouth,2023-11-20
8347,Amanda Kelly,67,Male,278.63,Kellyland,2020-05-23
2352,Jasmine Parks,34,Male,436.04,Port Thomaston,2020-06-08
4319,Brandon Hill,30,Other,333.4,Craigmouth,2021-08-29
8197,Monica Stone,35,Other,275.32,New Trevorview,2021-01-21
7942,Taylor Elliott,38,Female,251.44,Matthewside,2023-12-03
8420,Monica Grant,64,Other,60.83,West Rebeccaberg,2023-08-27
3864,Monica Harris,32,Male,479.56,Hallside,2024-04-22
6065,Joseph Gray,31,Male,390.43,South Rebeccaburgh,2022-01-03
3521,Christine Williams,41,Female,495.39,New John,2019-11-28
4434,Juan Colon,48,Other,206.07,New Lisastad,2023-11-19
5986,Robert Willis,63,Other,79.39,North Susanburgh,2024-04-24
4005,Brian Chavez,67,Female,79.78,South Jocelynside,2019-12-18
7915,Derek Freeman,42,Other,458.87,East Robertchester,2020-07-26
5263,Whitney Griffin,48,Female,479.52,Thomasmouth,2021-04-03
4338,Megan Chan,35,Other,145.81,New Richardton,2019-11-02
2269,Michael Ryan,62,Male,229.19,South Thomasfurt,2020-04-04
3426,Christian Henderson,29,Male,371.6,West Kristyfort,2022-08-10
3640,Kevin Nelson,61,Other,62.5,Elizabethville,2020-09-04
6911,Robert Sanchez,48,Male,169.98,Port Debbie,2022-03-17
4144,Jessica Richardson,32,Other,234.66,Reyesport,2023-02-10
7511,Kristi Sanchez,40,Male,201.69,West Kristinchester,2020-04-16
4647,Willie Anderson,40,Male,104.86,Sherriton,2024-08-24
1628,Jessica Cunningham,30,Male,310.87,Travisborough,2021-09-21
4964,Ashley Payne,46,Other,246.49,North Ryanport,2020-01-30
